Workbook

Sheet Dados Brutos
A1: data | B1: categoria | C1: descricao | D1: valor
A2: 45659 | B2: Transporte | C2: Uber e combustível | D2: 28.64
A3: 45660 | B3: Alimentação | C3: Mercado | D3: 253.1
A4: 45662 | B4: Moradia | C4: Aluguel | D4: 1200
A5: 45665 | B5: Lazer | C5: Saídas e streaming | D5: 114.97
A6: 45667 | B6: Contas | C6: Energia e internet | D6: 257.45
A7: 45667 | B7: alimentacao | C7: Mercado | D7: 222.48
A8: 45669 | B8: Transporte | C8: Uber e combustível | D8: 16.73
A9: 45674 | B9: Alimentação | C9: Mercado | D9: 203.81
A10: 45678 | B10: Transporte | C10: Uber e combustível
A11: 45679 | B11: Lazer | C11: Saídas e streaming | D11: 36.77
A12: 45680 | B12: Lazer | C12: Saídas e streaming | D12: 36.97
A13: 45681 | B13: Lazer | C13: Saídas e streaming | D13: 129.89
A14: 45681 | B14: LAZER | C14: Saídas e streaming | D14: 70.05
A15: 45681 | B15: Alimentação | C15: Mercado | D15: 141.84
A16: 45683 | B16: Transporte | C16: Uber e combustível | D16: 54.36
A17: 45684 | B17: Transporte | C17: Uber e combustível | D17: 60.89
A18: 45684 | B18: Transporte | C18: Uber e combustível | D18: 60.89
A19: 45691 | B19: Alimentação | C19: Mercado | D19: 160.9
A20: 45692 | B20: Lazer | C20: Saídas e streaming | D20: 143.06
A21: 45693 | B21: Moradia | C21: Aluguel | D21: 1200
A22: 45696 | B22: Transporte | C22: Uber e combustível | D22: 17.58
... A43: 45726 | B43: Contas | C43: Energia e internet | D43: 310.93
A44: 45729 | B44: Transporte | D44: 35.35
A45: 45731 | B45: Transporte | C45: Uber e combustível | D45: 21.64
A46: 45733 | B46: Alimentação | C46: Mercado | D46: 163.64
A47: 45734 | B47: Lazer | C47: Saídas e streaming | D47: 123.02
A48: 45737 | B48: Transporte | C48: Uber e combustível | D48: 59.01
A49: 45739 | B49: Transporte | C49: Uber e combustível | D49: 54.06
A50: 45740 | B50: Alimentação | C50: Mercado | D50: 192.81
A51: 45741 | B51: Transporte | C51: Uber e combustível | D51: 36.07
A52: 45744 | B52: Transporte | C52: Uber e combustível | D52: 35.7
A53: 45750 | B53: Transporte | C53: Uber e combustível | D53: 23.97
A54: 45750 | B54: Lazer | C54: Saídas e streaming | D54: 124.82
A55: 45750 | B55: Alimentação | C55: Mercado | D55: 143.14
A56: 45752 | B56: Moradia | C56: Aluguel | D56: 1200
... A106: 45835 | B106: Transporte | C106: Uber e combustível | D106: 46.31

Sheet Dados Tratados
A1: DATA | B1: MÊS | C1: CATEGORIA | D1: DESCRICAO | E1: VALOR
A2: 45659 | B2: 01/2025 | C2: Transporte | D2: Uber e Combustível | E2: 28.64
A3: 45660 | B3: 01/2025 | C3: Alimentação | D3: Mercado | E3: 253.1
A4: 45662 | B4: 01/2025 | C4: Moradia | D4: Aluguel | E4: 1200
A5: 45665 | B5: 01/2025 | C5: Lazer | D5: Saídas e Streaming | E5: 114.97
A6: 45667 | B6: 01/2025 | C6: Contas | D6: Energia e Internet | E6: 257.45
A7: 45667 | B7: 01/2025 | C7: Alimentação | D7: Mercado | E7: 222.48
A8: 45669 | B8: 01/2025 | C8: Transporte | D8: Uber e Combustível | E8: 16.73
A9: 45674 | B9: 01/2025 | C9: Alimentação | D9: Mercado | E9: 203.81
A10: 45679 | B10: 01/2025 | C10: Lazer | D10: Saídas e Streaming | E10: 36.77
A11: 45680 | B11: 01/2025 | C11: Lazer | D11: Saídas e Streaming | E11: 36.97
A12: 45681 | B12: 01/2025 | C12: Lazer | D12: Saídas e Streaming | E12: 129.89
A13: 45681 | B13: 01/2025 | C13: Lazer | D13: Saídas e Streaming | E13: 70.05
... A103: 45835 | B103: 06/2025 | C103: Transporte | D103: Uber e Combustível | E103: 46.31

Sheet Premissas e Logs
A1: LOGS | G1: PREMISSAS | J1: Metas
A2: Removido da Analise pois não possui valor | G2: RENDA MENSAL | H2: 4000 | J2: Lazer | K2: 350
A3: 45678 | B3: Transporte | C3: Uber e Combustível | D3: 0 | J3: Transporte | K3: 200
A4: Removidos da analise pois eram duplicidades | G4: MÊS | H4: RESERVA
A5: 45684 | B5: Transporte | C5: Uber e combustível | D5: 60.89 | G5: 01/2025 | H5: =$H$2-SUMIFS('Dados Tratados'!$E$2:$E$103,'Dados Tratados'!$B$2:$B$103,G5) -> 1172.05
A6: 45719 | B6: Alimentação | C6: Mercado | D6: 156.23 | G6: 02/2025 | H6: =$H$2-SUMIFS('Dados Tratados'!$E$2:$E$103,'Dados Tratados'!$B$2:$B$103,G6) -> 1259.25
G7: 03/2025 | H7: =$H$2-SUMIFS('Dados Tratados'!$E$2:$E$103,'Dados Tratados'!$B$2:$B$103,G7) -> 1089.1
G8: 04/2025 | H8: =$H$2-SUMIFS('Dados Tratados'!$E$2:$E$103,'Dados Tratados'!$B$2:$B$103,G8) -> 1008.44
A9: VALORES ALTERADOS | G9: 05/2025 | H9: =$H$2-SUMIFS('Dados Tratados'!$E$2:$E$103,'Dados Tratados'!$B$2:$B$103,G9) -> 1225.56
A10: Descrição em branco em 13/03 preenchida como 'Uber e Combustível', por inferência da categoria Transporte. | G10: 06/2025 | H10: =$H$2-SUMIFS('Dados Tratados'!$E$2:$E$103,'Dados Tratados'!$B$2:$B$103,G10) -> 1097.17
A11: 09/02/2025, R$ 37,81: categoria alterada de Transporte para Lazer (descrição "Saídas e streaming").
A12: 26/02/2025, R$ 22,33: categoria alterada de Lazer para Transporte (descrição "Uber e combustível").

Sheet Analises
A1: TABELAS | N1: GRAFICOS
A2: Mês | B2: Total por mês | D2: CATEGORIAS | E2: Total por Categoria
A3: 01/2025 | B3: 2827.95 | D3: Alimentação | E3: 4323.01
A4: 02/2025 | B4: 2740.75 | D4: Contas | E4: 1574.68
A5: 03/2025 | B5: 2910.9 | D5: Lazer | E5: 2417.03
A6: 04/2025 | B6: 2991.56 | D6: Moradia | E6: 7200
A7: 05/2025 | B7: 2774.44 | D7: Transporte | E7: 1633.71
A8: 06/2025 | B8: 2902.83
A10: Valores Categorias por mês
B11: Alimentação | C11: Contas | D11: Lazer | E11: Moradia | F11: Transporte
A12: 01/2025 | B12: 821.23 | C12: 257.45 | D12: 388.65 | E12: 1200 | F12: 160.62
A13: 02/2025 | B13: 745.96 | C13: 233.95 | D13: 419.79 | E13: 1200 | F13: 141.05
A14: 03/2025 | B14: 725.43 | C14: 310.93 | D14: 354.37 | E14: 1200 | F14: 320.17
A15: 04/2025 | B15: 619.89 | C15: 249.63 | D15: 551.92 | E15: 1200 | F15: 370.12
A16: 05/2025 | B16: 654.04 | C16: 292.17 | D16: 342.44 | E16: 1200 | F16: 285.79
A17: 06/2025 | B17: 756.46 | C17: 230.55 | D17: 359.86 | E17: 1200 | F17: 355.96
A19: Mês | B19: Reserva Mensal
A20: 01/2025 | B20: 1172.05
A21: 02/2025 | B21: 1259.25
A22: 03/2025 | B22: 1089.1
A23: 04/2025 | B23: 1008.44
A24: 05/2025 | B24: 1225.56
A25: 06/2025 | B25: 1097.17
A27: Soma de VALOR
C28: 01/2025 | D28: 02/2025 | E28: 03/2025 | F28: 04/2025 | G28: 05/2025 | H28: 06/2025
A29: Alimentação | B29: Mercado | C29: 821.23 | D29: 745.96 | E29: 725.43 | F29: 619.89 | G29: 654.04 | H29: 756.46
A30: Contas | B30: Energia e Internet | C30: 257.45 | D30: 233.95 | E30: 310.93 | F30: 249.63 | G30: 292.17 | H30: 230.55
A31: Lazer | B31: Saídas e Streaming | C31: 388.65 | D31: 419.79 | E31: 354.37 | F31: 551.92 | G31: 342.44 | H31: 359.86
A32: Moradia | B32: Aluguel | C32: 1200 | D32: 1200 | E32: 1200 | F32: 1200 | G32: 1200 | H32: 1200
A33: Transporte | B33: Uber e Combustível | C33: 160.62 | D33: 141.05 | E33: 320.17 | F33: 370.12 | G33: 285.79 | H33: 355.96
A34: Total Geral | C34: 2827.95 | D34: 2740.75 | E34: 2910.9 | F34: 2991.56 | G34: 2774.44 | H34: 2902.83

Sheet Conclusoes
A1: Conclusões | C1: Metas Desafiadoras | D1: Cenário | E1: Economia no período | F1: Por mês | G1: Poupança média
A2: ="O gasto mensal médio foi de "&TEXT(AVERAGE(Analises!B3:B8),"R$ #.##0,00")&"." -> O gasto mensal médio foi de R$ 2.858,07. | C2: ="Gasto mensal em lazer de no máximo R$ "&'Premissas e Logs'!K2 -> Gasto mensal em lazer de no máximo R$ 350 | D2: Hoje | E2: - | F2: - | G2: =AVERAGE(Analises!B20:B25)/'Premissas e Logs'!$H$2 -> 0.28548208
A3: ="O gasto total do período foi de: "&TEXT(SUM(Analises!B3:B8),"R$ #.##0,00")&"." -> O gasto total do período foi de: R$ 17.148,43. | C3: ="Gasto mensal em transporte de no máximo R$ "&'Premissas e Logs'!K3 -> Gasto mensal em transporte de no máximo R$ 200 | D3: Lazer 350 + Transporte 200 | E3: {=SUMPRODUCT((Analises!D12:D17>'Premissas e Logs'!K2)*(Analises!D12:D17-'Premissas e Logs'!K2))+SUMPRODUCT((Analises!F12:F17>'Premissas e Logs'!K3)*(Analises!F12:F17-'Premissas e Logs'!K3))} -> 856.63 | F3: =E3/6 -> 142.77167 | G3: =(AVERAGE(Analises!B20:B25)+F3)/'Premissas e Logs'!$H$2 -> 0.321175
A4: ="O mês de maior gasto foi: "&INDEX(Analises!A3:A8,MATCH(MAX(Analises!B3:B8),Analises!B3:B8,0))&" e o valor foi de: "&TEXT(MAX(Analises!B3:B8),"R$ #.##0,00")&"." -> O mês de maior gasto foi: 04/2025 e o valor foi de: R$ 2.991,56.
A5: ="Moradia representa "&TEXT(Analises!E6/SUM(Analises!E3:E7),"0,0%")&" do gasto total." -> Moradia representa 42,0% do gasto total. | C5: {="Se seguirmos os valores das metas, teríamos uma economia de: R$ "&SUMPRODUCT((Analises!D12:D17>'Premissas e Logs'!K2)*(Analises!D12:D17-'Premissas e Logs'!K2))&" para lazer"} -> Se seguirmos os valores das metas, teríamos uma economia de: R$ 324,59 para lazer | F5: Diferença na poupança | G5: =G3-G2 -> 0.035692917
A6: ="A porcentagem total de gastos fixos foi de: "&TEXT((Analises!E6+Analises!E4)/SUM(Analises!E3:E7),"0,0%")&", então a economia precisa vir das categorias variáveis." -> A porcentagem total de gastos fixos foi de: 51,2%, então a economia precisa vir das categorias variáveis. | C6: {="Se seguirmos os valores das metas, teríamos uma economia de: R$ "&SUMPRODUCT((Analises!F12:F17>'Premissas e Logs'!K3)*(Analises!F12:F17-'Premissas e Logs'!K3))&" para transporte"} -> Se seguirmos os valores das metas, teríamos uma economia de: R$ 532,04 para transporte
A7: ="Poupança média de "&TEXT((AVERAGE(Analises!B20:B25)/'Premissas e Logs'!H2),"0,0%")&", com pior mês em "&_xlfn.XLOOKUP(MIN(Analises!B20:B25),Analises!B20:B25,Analises!A20:A25)&" com "&TEXT((MIN(Analises!B20:B25)/'Premissas e Logs'!H2),"0,0%") -> Poupança média de 28,5%, com pior mês em 04/2025 com 25,2% | C7: São metas desafiadoras mas alcançáveis pois já houve meses com valores abaixo dos propostos.
A8: ="A oscilação de valores do lazer foi de: "&TEXT(MAX(Analises!D12:D17)-MIN(Analises!D12:D17),"R$ #.##0,00") -> A oscilação de valores do lazer foi de: R$ 209,48
A9: ="A oscilação de valores do transporte foi de: "&TEXT(MAX(Analises!F12:F17)-MIN(Analises!F12:F17),"R$ #.##0,00") -> A oscilação de valores do transporte foi de: R$ 229,07
